phacella@example.com	db84f1697c9979a605ca74cedba13bf5
chymification@example.com	786e5d6a0a32f21649a53503d6a37515
lemovices_naysay_129@example.com	731156fb1e4b1f280fc0cc62648eed5b
descend_termen_736@example.com	54e10d085925434a07d94eff62a98ed9
psychasthenia@example.com	8246c7cc3018c5115321990ae4b7b3a4
birotatory_simar@example.com	8246c7cc3018c5115321990ae4b7b3a4
scutellae@example.com	54e10d085925434a07d94eff62a98ed9
rechip@example.com	54e10d085925434a07d94eff62a98ed9
resignal_matar@example.com	9ef5af5f1ddff2e526ee321b0e3d2ca3
orbitopalpebral@example.com	8246c7cc3018c5115321990ae4b7b3a4
procrastinating_apocha@example.com	54e10d085925434a07d94eff62a98ed9
cannibal@example.com	786e5d6a0a32f21649a53503d6a37515
urologic@example.com	9ef5af5f1ddff2e526ee321b0e3d2ca3
dicotyledonary@example.com	8246c7cc3018c5115321990ae4b7b3a4
benu_arguer@example.com	786e5d6a0a32f21649a53503d6a37515
precompare_dolph_568@example.com	8603449df79aa00b83ef3d3a9c8fc3a0
didascalos_kahu@example.com	8603449df79aa00b83ef3d3a9c8fc3a0
sai@example.com	786e5d6a0a32f21649a53503d6a37515
antityphoid_martu@example.com	54e10d085925434a07d94eff62a98ed9
hyaloplasma@example.com	8246c7cc3018c5115321990ae4b7b3a4
chromidiosome@example.com	db84f1697c9979a605ca74cedba13bf5
glyoxylic@example.com	731156fb1e4b1f280fc0cc62648eed5b
accidentalness@example.com	8603449df79aa00b83ef3d3a9c8fc3a0
stauraxonia_turf_740@example.com	8603449df79aa00b83ef3d3a9c8fc3a0
burglarious_whaly_087@example.com	54e10d085925434a07d94eff62a98ed9
hecatophyllous@example.com	9ef5af5f1ddff2e526ee321b0e3d2ca3
snubby_josser_002@example.com	731156fb1e4b1f280fc0cc62648eed5b
unfloor@example.com	8246c7cc3018c5115321990ae4b7b3a4
gist@example.com	8603449df79aa00b83ef3d3a9c8fc3a0
misteach@example.com	54e10d085925434a07d94eff62a98ed9
zoophytologist_grog_387@example.com	731156fb1e4b1f280fc0cc62648eed5b
hydroquinone@example.com	786e5d6a0a32f21649a53503d6a37515
equisegmented@example.com	db84f1697c9979a605ca74cedba13bf5
enthraldom@example.com	786e5d6a0a32f21649a53503d6a37515
bacillicidal_gouge@example.com	8603449df79aa00b83ef3d3a9c8fc3a0
newings_modoc@example.com	db84f1697c9979a605ca74cedba13bf5
bluebill@example.com	786e5d6a0a32f21649a53503d6a37515
phyllostominae_cand_305@example.com	db84f1697c9979a605ca74cedba13bf5
belated@example.com	731156fb1e4b1f280fc0cc62648eed5b
hidling@example.com	8246c7cc3018c5115321990ae4b7b3a4
lamasery_knar_845@example.com	db84f1697c9979a605ca74cedba13bf5
cacique@example.com	731156fb1e4b1f280fc0cc62648eed5b
fez@example.com	8603449df79aa00b83ef3d3a9c8fc3a0
whirlabout_apiole@example.com	731156fb1e4b1f280fc0cc62648eed5b
quest_felon@example.com	8603449df79aa00b83ef3d3a9c8fc3a0
interradial_beety_838@example.com	54e10d085925434a07d94eff62a98ed9
macromyelonal@example.com	9ef5af5f1ddff2e526ee321b0e3d2ca3
whimsical_cilice_471@example.com	786e5d6a0a32f21649a53503d6a37515
chloroplastic_vain@example.com	54e10d085925434a07d94eff62a98ed9
thujin_munge_985@example.com	786e5d6a0a32f21649a53503d6a37515
psychicist_tharm_566@example.com	9ef5af5f1ddff2e526ee321b0e3d2ca3
esocidae@example.com	9ef5af5f1ddff2e526ee321b0e3d2ca3
unsubstantiated_lite_485@example.com	db84f1697c9979a605ca74cedba13bf5
cribrately_rolf_650@example.com	8603449df79aa00b83ef3d3a9c8fc3a0
infrared@example.com	786e5d6a0a32f21649a53503d6a37515
diversiflorate@example.com	731156fb1e4b1f280fc0cc62648eed5b
alalite@example.com	54e10d085925434a07d94eff62a98ed9
flustery_diane@example.com	54e10d085925434a07d94eff62a98ed9
unexpressedly_stance@example.com	8246c7cc3018c5115321990ae4b7b3a4
unvaryingness_yodh@example.com	9ef5af5f1ddff2e526ee321b0e3d2ca3
tweil_moud_136@example.com	731156fb1e4b1f280fc0cc62648eed5b
coracoclavicular_jiggy@example.com	8246c7cc3018c5115321990ae4b7b3a4
trigoniacean@example.com	9ef5af5f1ddff2e526ee321b0e3d2ca3
gordiidae@example.com	9ef5af5f1ddff2e526ee321b0e3d2ca3
topologist_disdub@example.com	9ef5af5f1ddff2e526ee321b0e3d2ca3
sapidity@example.com	54e10d085925434a07d94eff62a98ed9
syzygial@example.com	731156fb1e4b1f280fc0cc62648eed5b
preliteralness_clites@example.com	8246c7cc3018c5115321990ae4b7b3a4
intersociety_langur_743@example.com	8603449df79aa00b83ef3d3a9c8fc3a0
freckled_owen_376@example.com	db84f1697c9979a605ca74cedba13bf5
saltimbank_irade@example.com	54e10d085925434a07d94eff62a98ed9
chylophyllous@example.com	8603449df79aa00b83ef3d3a9c8fc3a0
ferri_moider@example.com	9ef5af5f1ddff2e526ee321b0e3d2ca3
stapedial@example.com	731156fb1e4b1f280fc0cc62648eed5b
inanely_iamb@example.com	8603449df79aa00b83ef3d3a9c8fc3a0
showmanism@example.com	8603449df79aa00b83ef3d3a9c8fc3a0
unemployability_byre@example.com	8246c7cc3018c5115321990ae4b7b3a4
mesabite_main_044@example.com	8246c7cc3018c5115321990ae4b7b3a4
beduke_lancha_497@example.com	731156fb1e4b1f280fc0cc62648eed5b
heroicness@example.com	8603449df79aa00b83ef3d3a9c8fc3a0
unluminous_envier@example.com	8246c7cc3018c5115321990ae4b7b3a4
mallangong_choree@example.com	786e5d6a0a32f21649a53503d6a37515
unthoughtlike_fail_980@example.com	54e10d085925434a07d94eff62a98ed9
emerita_deemie@example.com	54e10d085925434a07d94eff62a98ed9
originist_pont@example.com	db84f1697c9979a605ca74cedba13bf5
fourcher@example.com	db84f1697c9979a605ca74cedba13bf5
mollycoddling_facile@example.com	8603449df79aa00b83ef3d3a9c8fc3a0
tought@example.com	8246c7cc3018c5115321990ae4b7b3a4
galways@example.com	db84f1697c9979a605ca74cedba13bf5
orchidectomy_song_117@example.com	9ef5af5f1ddff2e526ee321b0e3d2ca3
sandawe@example.com	54e10d085925434a07d94eff62a98ed9
gynecopathy_snub_702@example.com	8246c7cc3018c5115321990ae4b7b3a4
scincomorpha@example.com	54e10d085925434a07d94eff62a98ed9
abroad@example.com	8246c7cc3018c5115321990ae4b7b3a4
linguatula@example.com	786e5d6a0a32f21649a53503d6a37515
pseudoprofessorial_boii_887@example.com	731156fb1e4b1f280fc0cc62648eed5b
indelicateness@example.com	db84f1697c9979a605ca74cedba13bf5
ichthyopolist_bikini_473@example.com	731156fb1e4b1f280fc0cc62648eed5b
aeacides@example.com	786e5d6a0a32f21649a53503d6a37515
nincompoop@example.com	8603449df79aa00b83ef3d3a9c8fc3a0
foreassign_usward@example.com	9ef5af5f1ddff2e526ee321b0e3d2ca3
semihonor_carum_554@example.com	db84f1697c9979a605ca74cedba13bf5
epistemonical_spuddy_771@example.com	db84f1697c9979a605ca74cedba13bf5
allochromatic_thung@example.com	db84f1697c9979a605ca74cedba13bf5
loony_agawam_056@example.com	731156fb1e4b1f280fc0cc62648eed5b
affrontedness@example.com	731156fb1e4b1f280fc0cc62648eed5b
limp_nobly@example.com	db84f1697c9979a605ca74cedba13bf5
indiscerptibility_lant@example.com	8246c7cc3018c5115321990ae4b7b3a4
contactual_tsubo_355@example.com	8246c7cc3018c5115321990ae4b7b3a4
presubject@example.com	db84f1697c9979a605ca74cedba13bf5
naegates_cotte_974@example.com	db84f1697c9979a605ca74cedba13bf5
ultimate_grume_255@example.com	731156fb1e4b1f280fc0cc62648eed5b
urban@example.com	8246c7cc3018c5115321990ae4b7b3a4
cyanidrosis@example.com	9ef5af5f1ddff2e526ee321b0e3d2ca3
indigenous_boor@example.com	731156fb1e4b1f280fc0cc62648eed5b
allantoinase@example.com	8603449df79aa00b83ef3d3a9c8fc3a0
brassiness_fils@example.com	786e5d6a0a32f21649a53503d6a37515
garreted_dought_004@example.com	8246c7cc3018c5115321990ae4b7b3a4
tylopodous_meek@example.com	54e10d085925434a07d94eff62a98ed9
smily@example.com	9ef5af5f1ddff2e526ee321b0e3d2ca3
petary@example.com	8246c7cc3018c5115321990ae4b7b3a4
rescind_liquor@example.com	731156fb1e4b1f280fc0cc62648eed5b
whereas_amphid_925@example.com	8246c7cc3018c5115321990ae4b7b3a4
must_patel@example.com	8246c7cc3018c5115321990ae4b7b3a4
ungirlish_right_457@example.com	db84f1697c9979a605ca74cedba13bf5
diphysite_modest_770@example.com	9ef5af5f1ddff2e526ee321b0e3d2ca3
sig@example.com	54e10d085925434a07d94eff62a98ed9
untrifling_whip@example.com	8603449df79aa00b83ef3d3a9c8fc3a0
bosjesman_primy_322@example.com	9ef5af5f1ddff2e526ee321b0e3d2ca3
continuately_achy_399@example.com	54e10d085925434a07d94eff62a98ed9
cardiarctia@example.com	786e5d6a0a32f21649a53503d6a37515
herakles@example.com	8603449df79aa00b83ef3d3a9c8fc3a0
principiate_trite_824@example.com	731156fb1e4b1f280fc0cc62648eed5b
volitational_refuel@example.com	9ef5af5f1ddff2e526ee321b0e3d2ca3
gekkota@example.com	54e10d085925434a07d94eff62a98ed9
isognathous_unmew_577@example.com	8246c7cc3018c5115321990ae4b7b3a4
goddikin@example.com	54e10d085925434a07d94eff62a98ed9
gmelina_raid_051@example.com	9ef5af5f1ddff2e526ee321b0e3d2ca3
beggaress@example.com	8603449df79aa00b83ef3d3a9c8fc3a0
refreshant_acmic_767@example.com	54e10d085925434a07d94eff62a98ed9
babelike@example.com	54e10d085925434a07d94eff62a98ed9
vesicant_dial@example.com	8246c7cc3018c5115321990ae4b7b3a4
convenership@example.com	731156fb1e4b1f280fc0cc62648eed5b
semisolemnity_serval_824@example.com	786e5d6a0a32f21649a53503d6a37515
tychoparthenogenesis@example.com	8246c7cc3018c5115321990ae4b7b3a4
mitriform_gerres_030@example.com	9ef5af5f1ddff2e526ee321b0e3d2ca3
bisontine_befoul_585@example.com	8246c7cc3018c5115321990ae4b7b3a4
polytonal@example.com	8603449df79aa00b83ef3d3a9c8fc3a0
predepreciate@example.com	786e5d6a0a32f21649a53503d6a37515
eminently_slay@example.com	54e10d085925434a07d94eff62a98ed9
categorial@example.com	9ef5af5f1ddff2e526ee321b0e3d2ca3
upknell@example.com	8603449df79aa00b83ef3d3a9c8fc3a0
stander@example.com	54e10d085925434a07d94eff62a98ed9
malcontentedly_hellen_024@example.com	8603449df79aa00b83ef3d3a9c8fc3a0
vapidly_zoic@example.com	9ef5af5f1ddff2e526ee321b0e3d2ca3
redtail_piky@example.com	9ef5af5f1ddff2e526ee321b0e3d2ca3
spiracula@example.com	db84f1697c9979a605ca74cedba13bf5
gnatter@example.com	786e5d6a0a32f21649a53503d6a37515
sacciferous@example.com	786e5d6a0a32f21649a53503d6a37515
contrarotation@example.com	731156fb1e4b1f280fc0cc62648eed5b
universalist_stude_999@example.com	786e5d6a0a32f21649a53503d6a37515
sneeshing_cooba_553@example.com	8246c7cc3018c5115321990ae4b7b3a4
linguaciousness@example.com	54e10d085925434a07d94eff62a98ed9
titubancy@example.com	8246c7cc3018c5115321990ae4b7b3a4
irrefragability_mity@example.com	731156fb1e4b1f280fc0cc62648eed5b
protestor_nibs@example.com	9ef5af5f1ddff2e526ee321b0e3d2ca3
overfaithful@example.com	8603449df79aa00b83ef3d3a9c8fc3a0
kommetje@example.com	54e10d085925434a07d94eff62a98ed9
marcasitical_soot@example.com	8603449df79aa00b83ef3d3a9c8fc3a0
phototactism@example.com	9ef5af5f1ddff2e526ee321b0e3d2ca3
amyloidosis_zibet_812@example.com	8246c7cc3018c5115321990ae4b7b3a4
pollinize_brass_268@example.com	8246c7cc3018c5115321990ae4b7b3a4
rachitis@example.com	9ef5af5f1ddff2e526ee321b0e3d2ca3
entrancing_plica_416@example.com	db84f1697c9979a605ca74cedba13bf5
receivablness@example.com	54e10d085925434a07d94eff62a98ed9
scholarship_molly_053@example.com	731156fb1e4b1f280fc0cc62648eed5b
punchable@example.com	54e10d085925434a07d94eff62a98ed9
capacitive@example.com	9ef5af5f1ddff2e526ee321b0e3d2ca3
inactively_dich_215@example.com	731156fb1e4b1f280fc0cc62648eed5b
reremouse_gore@example.com	8246c7cc3018c5115321990ae4b7b3a4
bubblish_viga@example.com	731156fb1e4b1f280fc0cc62648eed5b
untapering_food_531@example.com	731156fb1e4b1f280fc0cc62648eed5b
sculp_unwept_346@example.com	8246c7cc3018c5115321990ae4b7b3a4
psoadic@example.com	54e10d085925434a07d94eff62a98ed9
privant@example.com	54e10d085925434a07d94eff62a98ed9
jambolan_mowt_964@example.com	8246c7cc3018c5115321990ae4b7b3a4
endoperitonitis_budh_065@example.com	db84f1697c9979a605ca74cedba13bf5
morology_snivy_686@example.com	db84f1697c9979a605ca74cedba13bf5
procapitalism@example.com	9ef5af5f1ddff2e526ee321b0e3d2ca3
insister_talar@example.com	db84f1697c9979a605ca74cedba13bf5
lyceal@example.com	8246c7cc3018c5115321990ae4b7b3a4
frenchless_tynd_741@example.com	731156fb1e4b1f280fc0cc62648eed5b
tearful@example.com	db84f1697c9979a605ca74cedba13bf5
predrill@example.com	8246c7cc3018c5115321990ae4b7b3a4
outspill_forte@example.com	9ef5af5f1ddff2e526ee321b0e3d2ca3
catalepsis@example.com	731156fb1e4b1f280fc0cc62648eed5b
enrange@example.com	8603449df79aa00b83ef3d3a9c8fc3a0
incorrupt@example.com	9ef5af5f1ddff2e526ee321b0e3d2ca3
unwaked@example.com	731156fb1e4b1f280fc0cc62648eed5b
preconization_hunch@example.com	54e10d085925434a07d94eff62a98ed9
folious_nolo@example.com	786e5d6a0a32f21649a53503d6a37515
chondrosteoma_hask@example.com	54e10d085925434a07d94eff62a98ed9
unbeneficed_bogue@example.com	54e10d085925434a07d94eff62a98ed9
lineolate@example.com	786e5d6a0a32f21649a53503d6a37515
xanthopurpurin@example.com	731156fb1e4b1f280fc0cc62648eed5b
mesethmoid_luggie@example.com	54e10d085925434a07d94eff62a98ed9
middleman@example.com	54e10d085925434a07d94eff62a98ed9
could@example.com	db84f1697c9979a605ca74cedba13bf5
cootfoot@example.com	731156fb1e4b1f280fc0cc62648eed5b
spider_wampee@example.com	8246c7cc3018c5115321990ae4b7b3a4
noncelebration@example.com	9ef5af5f1ddff2e526ee321b0e3d2ca3
bicarpellary_ileac@example.com	db84f1697c9979a605ca74cedba13bf5
tungate_golo_345@example.com	786e5d6a0a32f21649a53503d6a37515
desiredness_lawk_831@example.com	9ef5af5f1ddff2e526ee321b0e3d2ca3
botany@example.com	8603449df79aa00b83ef3d3a9c8fc3a0
intercepter@example.com	731156fb1e4b1f280fc0cc62648eed5b
moderant_trig@example.com	8603449df79aa00b83ef3d3a9c8fc3a0
tusked@example.com	54e10d085925434a07d94eff62a98ed9
derivability_coon_562@example.com	8246c7cc3018c5115321990ae4b7b3a4
sphaeridial_apiole@example.com	8603449df79aa00b83ef3d3a9c8fc3a0
heredosyphilis_smily_038@example.com	786e5d6a0a32f21649a53503d6a37515
bilders_stum@example.com	db84f1697c9979a605ca74cedba13bf5
suede@example.com	786e5d6a0a32f21649a53503d6a37515
courtliness_taryba_489@example.com	db84f1697c9979a605ca74cedba13bf5
enteritis@example.com	731156fb1e4b1f280fc0cc62648eed5b
politicomania@example.com	8603449df79aa00b83ef3d3a9c8fc3a0
alveolary@example.com	8246c7cc3018c5115321990ae4b7b3a4
lunarist_doli@example.com	786e5d6a0a32f21649a53503d6a37515
jeff_apace_260@example.com	54e10d085925434a07d94eff62a98ed9
undiscussable@example.com	8246c7cc3018c5115321990ae4b7b3a4
scrivenery@example.com	54e10d085925434a07d94eff62a98ed9
trucklike_iban@example.com	db84f1697c9979a605ca74cedba13bf5
rattlejack_carper@example.com	8603449df79aa00b83ef3d3a9c8fc3a0
taku_domett_454@example.com	9ef5af5f1ddff2e526ee321b0e3d2ca3
premillennial@example.com	db84f1697c9979a605ca74cedba13bf5
alcyonium@example.com	731156fb1e4b1f280fc0cc62648eed5b
oarlop_pose_898@example.com	54e10d085925434a07d94eff62a98ed9
appius@example.com	9ef5af5f1ddff2e526ee321b0e3d2ca3
xystos@example.com	db84f1697c9979a605ca74cedba13bf5
pygopodine@example.com	8246c7cc3018c5115321990ae4b7b3a4
halvans@example.com	9ef5af5f1ddff2e526ee321b0e3d2ca3
uncondensable_sylid@example.com	8603449df79aa00b83ef3d3a9c8fc3a0
lacinaria@example.com	731156fb1e4b1f280fc0cc62648eed5b
medianly_durio_979@example.com	9ef5af5f1ddff2e526ee321b0e3d2ca3
seminarianism_doli_424@example.com	731156fb1e4b1f280fc0cc62648eed5b
spokester@example.com	8246c7cc3018c5115321990ae4b7b3a4
biggish_incur@example.com	54e10d085925434a07d94eff62a98ed9
dentiphone_maja@example.com	8603449df79aa00b83ef3d3a9c8fc3a0
stratographical@example.com	db84f1697c9979a605ca74cedba13bf5
acrostolion@example.com	9ef5af5f1ddff2e526ee321b0e3d2ca3
lakemanship_bojite@example.com	8603449df79aa00b83ef3d3a9c8fc3a0
torvid@example.com	786e5d6a0a32f21649a53503d6a37515
epalpate_nguyen_091@example.com	786e5d6a0a32f21649a53503d6a37515
zygophyceous@example.com	731156fb1e4b1f280fc0cc62648eed5b
prioracy_dopa@example.com	db84f1697c9979a605ca74cedba13bf5
neuroparalysis@example.com	9ef5af5f1ddff2e526ee321b0e3d2ca3
hyperphalangism@example.com	786e5d6a0a32f21649a53503d6a37515
moneses@example.com	9ef5af5f1ddff2e526ee321b0e3d2ca3
enticeable@example.com	9ef5af5f1ddff2e526ee321b0e3d2ca3
hematohidrosis_clevis@example.com	54e10d085925434a07d94eff62a98ed9
syncarpium_lanx@example.com	8246c7cc3018c5115321990ae4b7b3a4
liquid@example.com	9ef5af5f1ddff2e526ee321b0e3d2ca3
peripharyngeal@example.com	786e5d6a0a32f21649a53503d6a37515
epexegetic@example.com	9ef5af5f1ddff2e526ee321b0e3d2ca3
uncapacious_cauda_589@example.com	786e5d6a0a32f21649a53503d6a37515
angiotonin_belga@example.com	786e5d6a0a32f21649a53503d6a37515
woodworking_pistic_788@example.com	8603449df79aa00b83ef3d3a9c8fc3a0
anesthesiant_gust_823@example.com	786e5d6a0a32f21649a53503d6a37515
decommission_eyeful_782@example.com	8246c7cc3018c5115321990ae4b7b3a4
oaritis@example.com	9ef5af5f1ddff2e526ee321b0e3d2ca3
handseller_orna_949@example.com	8603449df79aa00b83ef3d3a9c8fc3a0
wallless_besoot@example.com	54e10d085925434a07d94eff62a98ed9
gonyocele_sorn_075@example.com	db84f1697c9979a605ca74cedba13bf5
congestion_retene_281@example.com	54e10d085925434a07d94eff62a98ed9
vasomotor_forbit@example.com	731156fb1e4b1f280fc0cc62648eed5b
omphalodium@example.com	db84f1697c9979a605ca74cedba13bf5
cooler_pimplo@example.com	731156fb1e4b1f280fc0cc62648eed5b
myricetin@example.com	54e10d085925434a07d94eff62a98ed9
unsatisfactory_airy@example.com	db84f1697c9979a605ca74cedba13bf5
bupleurol_uphelm@example.com	786e5d6a0a32f21649a53503d6a37515
judex@example.com	9ef5af5f1ddff2e526ee321b0e3d2ca3
pangwe@example.com	db84f1697c9979a605ca74cedba13bf5
cercopithecid_olla_869@example.com	8246c7cc3018c5115321990ae4b7b3a4
bacteriophobia_april_227@example.com	731156fb1e4b1f280fc0cc62648eed5b
showboat@example.com	9ef5af5f1ddff2e526ee321b0e3d2ca3
caudle@example.com	8603449df79aa00b83ef3d3a9c8fc3a0
wagwag_tarpot@example.com	9ef5af5f1ddff2e526ee321b0e3d2ca3
miskeep_akan@example.com	9ef5af5f1ddff2e526ee321b0e3d2ca3
shortstop@example.com	731156fb1e4b1f280fc0cc62648eed5b
eliphalet@example.com	9ef5af5f1ddff2e526ee321b0e3d2ca3
insomnolent@example.com	786e5d6a0a32f21649a53503d6a37515
rumpad_coryl_037@example.com	786e5d6a0a32f21649a53503d6a37515
machilis_world@example.com	9ef5af5f1ddff2e526ee321b0e3d2ca3
calymene_sprank@example.com	54e10d085925434a07d94eff62a98ed9
duarch_kame@example.com	8603449df79aa00b83ef3d3a9c8fc3a0
supereminently_slot_516@example.com	9ef5af5f1ddff2e526ee321b0e3d2ca3
noncriminal_crea_349@example.com	54e10d085925434a07d94eff62a98ed9
helmetmaking_pascha@example.com	786e5d6a0a32f21649a53503d6a37515
autophon@example.com	9ef5af5f1ddff2e526ee321b0e3d2ca3
aurify_flyman@example.com	731156fb1e4b1f280fc0cc62648eed5b
emblematicize@example.com	8246c7cc3018c5115321990ae4b7b3a4
semiannealed@example.com	8246c7cc3018c5115321990ae4b7b3a4
disarm@example.com	786e5d6a0a32f21649a53503d6a37515
wicketkeeping@example.com	db84f1697c9979a605ca74cedba13bf5
emblic_apiole_784@example.com	786e5d6a0a32f21649a53503d6a37515
unwarnedness@example.com	54e10d085925434a07d94eff62a98ed9
chaetitidae@example.com	54e10d085925434a07d94eff62a98ed9
drevil@example.com	482c811da5d5b4bc6d497ffa98491e38
scolecite_crine@example.com	54e10d085925434a07d94eff62a98ed9
postneuralgic_nicene@example.com	786e5d6a0a32f21649a53503d6a37515
efflate_carfax_394@example.com	9ef5af5f1ddff2e526ee321b0e3d2ca3
prealteration@example.com	9ef5af5f1ddff2e526ee321b0e3d2ca3
ungilded_ungues_248@example.com	731156fb1e4b1f280fc0cc62648eed5b
phosphyl@example.com	9ef5af5f1ddff2e526ee321b0e3d2ca3
footpad@example.com	731156fb1e4b1f280fc0cc62648eed5b
fechnerian@example.com	db84f1697c9979a605ca74cedba13bf5
fathomage_caky@example.com	db84f1697c9979a605ca74cedba13bf5
therianthropism_palla_149@example.com	786e5d6a0a32f21649a53503d6a37515
roundeleer@example.com	731156fb1e4b1f280fc0cc62648eed5b
bewitch_bacury_949@example.com	db84f1697c9979a605ca74cedba13bf5
folkland_dobbed_867@example.com	db84f1697c9979a605ca74cedba13bf5
pseudoturbinal@example.com	9ef5af5f1ddff2e526ee321b0e3d2ca3
fishmonger_unknew_964@example.com	db84f1697c9979a605ca74cedba13bf5
oldhamia@example.com	9ef5af5f1ddff2e526ee321b0e3d2ca3
tollmaster_podley@example.com	9ef5af5f1ddff2e526ee321b0e3d2ca3
geoscopic_lair_330@example.com	9ef5af5f1ddff2e526ee321b0e3d2ca3
poetastric_akebia@example.com	9ef5af5f1ddff2e526ee321b0e3d2ca3
unligable_roan_722@example.com	786e5d6a0a32f21649a53503d6a37515
disportive@example.com	731156fb1e4b1f280fc0cc62648eed5b
nonconform_obeche_403@example.com	9ef5af5f1ddff2e526ee321b0e3d2ca3
grained@example.com	731156fb1e4b1f280fc0cc62648eed5b
undiminutive@example.com	8246c7cc3018c5115321990ae4b7b3a4
fenianism@example.com	9ef5af5f1ddff2e526ee321b0e3d2ca3
erogenetic_barish@example.com	db84f1697c9979a605ca74cedba13bf5
chorizont@example.com	786e5d6a0a32f21649a53503d6a37515
chlorochromates_scrimp@example.com	db84f1697c9979a605ca74cedba13bf5
coccygean_paik_904@example.com	9ef5af5f1ddff2e526ee321b0e3d2ca3
floriform_skip_309@example.com	731156fb1e4b1f280fc0cc62648eed5b
millpond_coca@example.com	786e5d6a0a32f21649a53503d6a37515
culla_gyne_366@example.com	9ef5af5f1ddff2e526ee321b0e3d2ca3
czar@example.com	8246c7cc3018c5115321990ae4b7b3a4
counternecromancy@example.com	db84f1697c9979a605ca74cedba13bf5
margarite@example.com	8246c7cc3018c5115321990ae4b7b3a4
electropathic_fort@example.com	731156fb1e4b1f280fc0cc62648eed5b
sacrosciatic@example.com	8246c7cc3018c5115321990ae4b7b3a4
garrulinae_wend@example.com	786e5d6a0a32f21649a53503d6a37515
anguria@example.com	731156fb1e4b1f280fc0cc62648eed5b
coaged_edwina@example.com	786e5d6a0a32f21649a53503d6a37515
microconjugant_genius_961@example.com	9ef5af5f1ddff2e526ee321b0e3d2ca3
obelial@example.com	54e10d085925434a07d94eff62a98ed9
rulable_raser_914@example.com	8603449df79aa00b83ef3d3a9c8fc3a0
trefoiled_nuba_127@example.com	8603449df79aa00b83ef3d3a9c8fc3a0
leptocephalia_tylote_037@example.com	db84f1697c9979a605ca74cedba13bf5
isochor_zing@example.com	54e10d085925434a07d94eff62a98ed9
overnumerous_smur@example.com	8603449df79aa00b83ef3d3a9c8fc3a0
sergeantcy_gurk@example.com	9ef5af5f1ddff2e526ee321b0e3d2ca3
bargham_fraud_709@example.com	731156fb1e4b1f280fc0cc62648eed5b
borachio_mille@example.com	54e10d085925434a07d94eff62a98ed9
stonehenge_goggan_151@example.com	db84f1697c9979a605ca74cedba13bf5
microtypical_thof_481@example.com	54e10d085925434a07d94eff62a98ed9
conjunctively@example.com	9ef5af5f1ddff2e526ee321b0e3d2ca3
mintmaker_blow@example.com	9ef5af5f1ddff2e526ee321b0e3d2ca3
parachrea_rave@example.com	731156fb1e4b1f280fc0cc62648eed5b
glyphographer@example.com	731156fb1e4b1f280fc0cc62648eed5b
predorsal_knut_062@example.com	731156fb1e4b1f280fc0cc62648eed5b
phaneroscope_reblue_072@example.com	731156fb1e4b1f280fc0cc62648eed5b
accouterment@example.com	731156fb1e4b1f280fc0cc62648eed5b
sublingua@example.com	db84f1697c9979a605ca74cedba13bf5
sinarchist@example.com	786e5d6a0a32f21649a53503d6a37515
pollen@example.com	54e10d085925434a07d94eff62a98ed9
foal@example.com	731156fb1e4b1f280fc0cc62648eed5b
merril@example.com	9ef5af5f1ddff2e526ee321b0e3d2ca3
perithelium@example.com	786e5d6a0a32f21649a53503d6a37515
mucososaccharine@example.com	db84f1697c9979a605ca74cedba13bf5
chalutzim_cauk@example.com	8603449df79aa00b83ef3d3a9c8fc3a0
publican@example.com	786e5d6a0a32f21649a53503d6a37515
thyrotoxic@example.com	731156fb1e4b1f280fc0cc62648eed5b
amarine@example.com	8246c7cc3018c5115321990ae4b7b3a4
unmoving_bungee@example.com	8246c7cc3018c5115321990ae4b7b3a4
foenngreek_laugh@example.com	9ef5af5f1ddff2e526ee321b0e3d2ca3
scagliolist@example.com	731156fb1e4b1f280fc0cc62648eed5b
teet_leafy_082@example.com	8246c7cc3018c5115321990ae4b7b3a4
cyclar@example.com	8603449df79aa00b83ef3d3a9c8fc3a0
unattackable@example.com	8603449df79aa00b83ef3d3a9c8fc3a0
umbrette@example.com	db84f1697c9979a605ca74cedba13bf5
overempty@example.com	8603449df79aa00b83ef3d3a9c8fc3a0
sparklessly_dell_342@example.com	db84f1697c9979a605ca74cedba13bf5
transpeninsular_unal_379@example.com	9ef5af5f1ddff2e526ee321b0e3d2ca3
franzy@example.com	786e5d6a0a32f21649a53503d6a37515
pistacia_sion@example.com	8246c7cc3018c5115321990ae4b7b3a4
orthogamy_bahan@example.com	9ef5af5f1ddff2e526ee321b0e3d2ca3
seller@example.com	8246c7cc3018c5115321990ae4b7b3a4
quenchlessly_lately_523@example.com	54e10d085925434a07d94eff62a98ed9
dyothelete@example.com	54e10d085925434a07d94eff62a98ed9
formee@example.com	786e5d6a0a32f21649a53503d6a37515
omissible@example.com	54e10d085925434a07d94eff62a98ed9
deindividualize@example.com	731156fb1e4b1f280fc0cc62648eed5b
trichomatous_cosy_742@example.com	786e5d6a0a32f21649a53503d6a37515
clamative@example.com	8603449df79aa00b83ef3d3a9c8fc3a0
advanceable_biune@example.com	54e10d085925434a07d94eff62a98ed9
clypeaster_jutty@example.com	731156fb1e4b1f280fc0cc62648eed5b
viragoish_forby_139@example.com	786e5d6a0a32f21649a53503d6a37515
tanwood_refuge@example.com	8603449df79aa00b83ef3d3a9c8fc3a0
polypous_arrope_303@example.com	9ef5af5f1ddff2e526ee321b0e3d2ca3
sillery_repile@example.com	8246c7cc3018c5115321990ae4b7b3a4
breadthways@example.com	9ef5af5f1ddff2e526ee321b0e3d2ca3
ungodly@example.com	db84f1697c9979a605ca74cedba13bf5
plicable@example.com	8603449df79aa00b83ef3d3a9c8fc3a0
shaky@example.com	8603449df79aa00b83ef3d3a9c8fc3a0
gliridae@example.com	786e5d6a0a32f21649a53503d6a37515
supralinear_danda@example.com	54e10d085925434a07d94eff62a98ed9
outscorn_theek_838@example.com	8603449df79aa00b83ef3d3a9c8fc3a0
undescended_login@example.com	731156fb1e4b1f280fc0cc62648eed5b
pseudocortex@example.com	8603449df79aa00b83ef3d3a9c8fc3a0
world_ovey_603@example.com	db84f1697c9979a605ca74cedba13bf5
oft_tilty_068@example.com	8603449df79aa00b83ef3d3a9c8fc3a0
nonelectric@example.com	54e10d085925434a07d94eff62a98ed9
ammonites@example.com	731156fb1e4b1f280fc0cc62648eed5b
osmina@example.com	54e10d085925434a07d94eff62a98ed9
sarcophagidae@example.com	8246c7cc3018c5115321990ae4b7b3a4
credibility@example.com	8603449df79aa00b83ef3d3a9c8fc3a0
toboggan_till_850@example.com	54e10d085925434a07d94eff62a98ed9
mauretanian@example.com	db84f1697c9979a605ca74cedba13bf5
sclimb_fosite_918@example.com	8603449df79aa00b83ef3d3a9c8fc3a0
colportage_chum_858@example.com	db84f1697c9979a605ca74cedba13bf5
nonconcession_youff@example.com	9ef5af5f1ddff2e526ee321b0e3d2ca3
struttingly_timer@example.com	9ef5af5f1ddff2e526ee321b0e3d2ca3
deindustrialize_critch_559@example.com	8246c7cc3018c5115321990ae4b7b3a4
semitonally_perdu_725@example.com	8603449df79aa00b83ef3d3a9c8fc3a0
isoaurore_strass@example.com	db84f1697c9979a605ca74cedba13bf5
ineloquently@example.com	8246c7cc3018c5115321990ae4b7b3a4
boundable@example.com	9ef5af5f1ddff2e526ee321b0e3d2ca3
freightment@example.com	8246c7cc3018c5115321990ae4b7b3a4
prefulfill_gyrous_481@example.com	54e10d085925434a07d94eff62a98ed9
urethrorectal_kudos@example.com	9ef5af5f1ddff2e526ee321b0e3d2ca3
choripetalous@example.com	9ef5af5f1ddff2e526ee321b0e3d2ca3
phrenomesmerism@example.com	786e5d6a0a32f21649a53503d6a37515
waterer@example.com	786e5d6a0a32f21649a53503d6a37515
predelude_calp_174@example.com	db84f1697c9979a605ca74cedba13bf5
daltonic@example.com	db84f1697c9979a605ca74cedba13bf5
disfigurement@example.com	731156fb1e4b1f280fc0cc62648eed5b
depasturation@example.com	731156fb1e4b1f280fc0cc62648eed5b
sturgeon_leah_425@example.com	8603449df79aa00b83ef3d3a9c8fc3a0
minahassa@example.com	db84f1697c9979a605ca74cedba13bf5
inventable_unrare@example.com	786e5d6a0a32f21649a53503d6a37515
irreceptivity@example.com	db84f1697c9979a605ca74cedba13bf5
profeminist_fotch_011@example.com	8246c7cc3018c5115321990ae4b7b3a4
tubaphone@example.com	db84f1697c9979a605ca74cedba13bf5
catabolic@example.com	786e5d6a0a32f21649a53503d6a37515
bedrail_findal@example.com	54e10d085925434a07d94eff62a98ed9
knucklebone@example.com	786e5d6a0a32f21649a53503d6a37515
harassedly_acedia_318@example.com	54e10d085925434a07d94eff62a98ed9
severality_glass_395@example.com	54e10d085925434a07d94eff62a98ed9
transhumance@example.com	8603449df79aa00b83ef3d3a9c8fc3a0
dismissal@example.com	786e5d6a0a32f21649a53503d6a37515
sorceress_saum_557@example.com	8246c7cc3018c5115321990ae4b7b3a4
libeler@example.com	54e10d085925434a07d94eff62a98ed9
deviant@example.com	8603449df79aa00b83ef3d3a9c8fc3a0
rhombogenic@example.com	731156fb1e4b1f280fc0cc62648eed5b
castle@example.com	731156fb1e4b1f280fc0cc62648eed5b
morcote@example.com	786e5d6a0a32f21649a53503d6a37515
moraea@example.com	786e5d6a0a32f21649a53503d6a37515
kinesimeter_maam@example.com	54e10d085925434a07d94eff62a98ed9
alpha_scad_313@example.com	786e5d6a0a32f21649a53503d6a37515
heteromorpha@example.com	8603449df79aa00b83ef3d3a9c8fc3a0
connectedness_cothe@example.com	731156fb1e4b1f280fc0cc62648eed5b
wordmaker_tiphia_536@example.com	731156fb1e4b1f280fc0cc62648eed5b
judices@example.com	786e5d6a0a32f21649a53503d6a37515
escarbuncle@example.com	54e10d085925434a07d94eff62a98ed9
excresce@example.com	54e10d085925434a07d94eff62a98ed9
pneumotomy_ethics@example.com	786e5d6a0a32f21649a53503d6a37515
locate_crape_703@example.com	54e10d085925434a07d94eff62a98ed9
sparkback@example.com	731156fb1e4b1f280fc0cc62648eed5b
savable_amaas_410@example.com	db84f1697c9979a605ca74cedba13bf5
purposivistic@example.com	db84f1697c9979a605ca74cedba13bf5
toadeat@example.com	8603449df79aa00b83ef3d3a9c8fc3a0
gelilah_burdie_965@example.com	9ef5af5f1ddff2e526ee321b0e3d2ca3
respectableness@example.com	8246c7cc3018c5115321990ae4b7b3a4
bassan_poss@example.com	786e5d6a0a32f21649a53503d6a37515
familiarize_flag_195@example.com	786e5d6a0a32f21649a53503d6a37515
glycocholate@example.com	8603449df79aa00b83ef3d3a9c8fc3a0
utterer_spak@example.com	8603449df79aa00b83ef3d3a9c8fc3a0
genevese@example.com	8246c7cc3018c5115321990ae4b7b3a4
disproportionateness@example.com	9ef5af5f1ddff2e526ee321b0e3d2ca3
escarp_pater_327@example.com	8246c7cc3018c5115321990ae4b7b3a4
overtechnical_aptal_264@example.com	db84f1697c9979a605ca74cedba13bf5
finched@example.com	db84f1697c9979a605ca74cedba13bf5
aliphatic_gull@example.com	8246c7cc3018c5115321990ae4b7b3a4
othonna_hooky@example.com	db84f1697c9979a605ca74cedba13bf5
pur_higgle_224@example.com	786e5d6a0a32f21649a53503d6a37515
pannier_kamba@example.com	db84f1697c9979a605ca74cedba13bf5
heliolater_dinar@example.com	8246c7cc3018c5115321990ae4b7b3a4
mycologically_caffa_320@example.com	8603449df79aa00b83ef3d3a9c8fc3a0
descriptionist_murk_602@example.com	8603449df79aa00b83ef3d3a9c8fc3a0
napoleonistic_fuze@example.com	8246c7cc3018c5115321990ae4b7b3a4
paco@example.com	9ef5af5f1ddff2e526ee321b0e3d2ca3
steadily@example.com	731156fb1e4b1f280fc0cc62648eed5b
ingenerately@example.com	731156fb1e4b1f280fc0cc62648eed5b
transpenetrable@example.com	54e10d085925434a07d94eff62a98ed9
anthropolater@example.com	54e10d085925434a07d94eff62a98ed9
rakishly_rebait@example.com	731156fb1e4b1f280fc0cc62648eed5b
disassimilate_etta@example.com	786e5d6a0a32f21649a53503d6a37515
statically@example.com	731156fb1e4b1f280fc0cc62648eed5b
archvampire_vamp_500@example.com	54e10d085925434a07d94eff62a98ed9
subminister@example.com	8246c7cc3018c5115321990ae4b7b3a4
mediolateral_decay_397@example.com	8603449df79aa00b83ef3d3a9c8fc3a0
organographist_racon_176@example.com	731156fb1e4b1f280fc0cc62648eed5b
capewise_scat@example.com	731156fb1e4b1f280fc0cc62648eed5b
dunpickle_stays@example.com	db84f1697c9979a605ca74cedba13bf5
emydinae_howkit_372@example.com	8246c7cc3018c5115321990ae4b7b3a4
panther_pirl_398@example.com	9ef5af5f1ddff2e526ee321b0e3d2ca3
swimy_silo@example.com	9ef5af5f1ddff2e526ee321b0e3d2ca3
vacanthearted_idea_442@example.com	8246c7cc3018c5115321990ae4b7b3a4
antagony@example.com	731156fb1e4b1f280fc0cc62648eed5b
tiza@example.com	54e10d085925434a07d94eff62a98ed9
endopterygotic@example.com	db84f1697c9979a605ca74cedba13bf5
jough@example.com	786e5d6a0a32f21649a53503d6a37515
sulphophosphate@example.com	db84f1697c9979a605ca74cedba13bf5
elevener_reagin@example.com	db84f1697c9979a605ca74cedba13bf5
inhabitiveness@example.com	731156fb1e4b1f280fc0cc62648eed5b
canoe_xinca_972@example.com	731156fb1e4b1f280fc0cc62648eed5b
upbearer_doab@example.com	db84f1697c9979a605ca74cedba13bf5
avera@example.com	8603449df79aa00b83ef3d3a9c8fc3a0
explanatoriness_soka@example.com	54e10d085925434a07d94eff62a98ed9
disordination@example.com	731156fb1e4b1f280fc0cc62648eed5b
venusian@example.com	8246c7cc3018c5115321990ae4b7b3a4
nonimplement_slock@example.com	8603449df79aa00b83ef3d3a9c8fc3a0
mashman_ulidia@example.com	731156fb1e4b1f280fc0cc62648eed5b
interastral@example.com	db84f1697c9979a605ca74cedba13bf5
soricine@example.com	8246c7cc3018c5115321990ae4b7b3a4
millful@example.com	731156fb1e4b1f280fc0cc62648eed5b
gastrotubotomy_trice@example.com	54e10d085925434a07d94eff62a98ed9
cormel_bulak_897@example.com	731156fb1e4b1f280fc0cc62648eed5b
tetrammine@example.com	731156fb1e4b1f280fc0cc62648eed5b
quadrumanal_ojibwa@example.com	db84f1697c9979a605ca74cedba13bf5
caramba@example.com	db84f1697c9979a605ca74cedba13bf5
mucedin@example.com	731156fb1e4b1f280fc0cc62648eed5b
saltatoria@example.com	786e5d6a0a32f21649a53503d6a37515
preworthiness_viva_645@example.com	9ef5af5f1ddff2e526ee321b0e3d2ca3
thenal@example.com	731156fb1e4b1f280fc0cc62648eed5b
stylidiaceous_dubb@example.com	786e5d6a0a32f21649a53503d6a37515
unpilgrimlike@example.com	9ef5af5f1ddff2e526ee321b0e3d2ca3
victor_until@example.com	9ef5af5f1ddff2e526ee321b0e3d2ca3
predeficient@example.com	54e10d085925434a07d94eff62a98ed9
resultant_nazim_666@example.com	8246c7cc3018c5115321990ae4b7b3a4
pneumogram@example.com	9ef5af5f1ddff2e526ee321b0e3d2ca3
paramorphine@example.com	731156fb1e4b1f280fc0cc62648eed5b
praline_onym@example.com	db84f1697c9979a605ca74cedba13bf5
tetrachord@example.com	9ef5af5f1ddff2e526ee321b0e3d2ca3
sulphuration_chyme_186@example.com	9ef5af5f1ddff2e526ee321b0e3d2ca3
scamell@example.com	8603449df79aa00b83ef3d3a9c8fc3a0
pegasus_gloze_269@example.com	786e5d6a0a32f21649a53503d6a37515
soldierwise@example.com	9ef5af5f1ddff2e526ee321b0e3d2ca3
apprehension_gaur@example.com	8246c7cc3018c5115321990ae4b7b3a4
bugfish_spean_076@example.com	db84f1697c9979a605ca74cedba13bf5
hedgeweed_dusun@example.com	54e10d085925434a07d94eff62a98ed9
eggeater_holard@example.com	54e10d085925434a07d94eff62a98ed9
beata@example.com	8246c7cc3018c5115321990ae4b7b3a4
unillumined@example.com	54e10d085925434a07d94eff62a98ed9
entoilment_gaun@example.com	786e5d6a0a32f21649a53503d6a37515
tweaky_tamara_742@example.com	8246c7cc3018c5115321990ae4b7b3a4
banqueter_bewith_945@example.com	db84f1697c9979a605ca74cedba13bf5
marcella@example.com	9ef5af5f1ddff2e526ee321b0e3d2ca3
amongst@example.com	8246c7cc3018c5115321990ae4b7b3a4
ectoderm_burt@example.com	db84f1697c9979a605ca74cedba13bf5
inwardly@example.com	786e5d6a0a32f21649a53503d6a37515
lepisma@example.com	54e10d085925434a07d94eff62a98ed9
socle@example.com	54e10d085925434a07d94eff62a98ed9
polyploidic_blair_242@example.com	731156fb1e4b1f280fc0cc62648eed5b
camerlingo@example.com	8246c7cc3018c5115321990ae4b7b3a4
accouterment_inkle@example.com	8603449df79aa00b83ef3d3a9c8fc3a0
uncite@example.com	db84f1697c9979a605ca74cedba13bf5
semifloscule@example.com	731156fb1e4b1f280fc0cc62648eed5b
catlike_amiss_745@example.com	54e10d085925434a07d94eff62a98ed9
diverseness_reit@example.com	54e10d085925434a07d94eff62a98ed9
switchman_sula_244@example.com	731156fb1e4b1f280fc0cc62648eed5b
dexterousness@example.com	8246c7cc3018c5115321990ae4b7b3a4
pentaspheric_maney@example.com	9ef5af5f1ddff2e526ee321b0e3d2ca3
pieman_tufter_298@example.com	8246c7cc3018c5115321990ae4b7b3a4
pyrrhonic@example.com	731156fb1e4b1f280fc0cc62648eed5b
securiferous@example.com	786e5d6a0a32f21649a53503d6a37515
kipe@example.com	8246c7cc3018c5115321990ae4b7b3a4
mahseer_creek@example.com	731156fb1e4b1f280fc0cc62648eed5b
tastekin_morse_154@example.com	8603449df79aa00b83ef3d3a9c8fc3a0
pampharmacon@example.com	54e10d085925434a07d94eff62a98ed9
haku_vying@example.com	9ef5af5f1ddff2e526ee321b0e3d2ca3
purusha_suede_492@example.com	786e5d6a0a32f21649a53503d6a37515
tscherkess@example.com	8246c7cc3018c5115321990ae4b7b3a4
zoilean@example.com	731156fb1e4b1f280fc0cc62648eed5b
retorter_sovite@example.com	54e10d085925434a07d94eff62a98ed9
resedaceae@example.com	9ef5af5f1ddff2e526ee321b0e3d2ca3
unfermenting@example.com	54e10d085925434a07d94eff62a98ed9
nosarian@example.com	731156fb1e4b1f280fc0cc62648eed5b
clothesbag_croft@example.com	8246c7cc3018c5115321990ae4b7b3a4
depend_liesh@example.com	8603449df79aa00b83ef3d3a9c8fc3a0
prolegislative_ekoi@example.com	731156fb1e4b1f280fc0cc62648eed5b
despiteous_bigot_964@example.com	9ef5af5f1ddff2e526ee321b0e3d2ca3
crustaceology_crom@example.com	8603449df79aa00b83ef3d3a9c8fc3a0
verdigrisy_nous_231@example.com	9ef5af5f1ddff2e526ee321b0e3d2ca3
nonparticipation_tooken@example.com	54e10d085925434a07d94eff62a98ed9
unidimensional_match_799@example.com	731156fb1e4b1f280fc0cc62648eed5b
semifluidity@example.com	786e5d6a0a32f21649a53503d6a37515
ultranationalist@example.com	8246c7cc3018c5115321990ae4b7b3a4
aftershaft@example.com	8603449df79aa00b83ef3d3a9c8fc3a0
dag@example.com	9ef5af5f1ddff2e526ee321b0e3d2ca3
accompletive_leila_191@example.com	731156fb1e4b1f280fc0cc62648eed5b
heteroscopy_else@example.com	db84f1697c9979a605ca74cedba13bf5
hysterics@example.com	786e5d6a0a32f21649a53503d6a37515
escaloped_lise@example.com	9ef5af5f1ddff2e526ee321b0e3d2ca3
insooth@example.com	731156fb1e4b1f280fc0cc62648eed5b
pageship_todea@example.com	8246c7cc3018c5115321990ae4b7b3a4
redemptional@example.com	db84f1697c9979a605ca74cedba13bf5
gammarine@example.com	786e5d6a0a32f21649a53503d6a37515
bolivia@example.com	731156fb1e4b1f280fc0cc62648eed5b
bovine@example.com	731156fb1e4b1f280fc0cc62648eed5b
soleiform@example.com	9ef5af5f1ddff2e526ee321b0e3d2ca3
fungous_ahind@example.com	731156fb1e4b1f280fc0cc62648eed5b
signee@example.com	9ef5af5f1ddff2e526ee321b0e3d2ca3
decursive_video@example.com	8246c7cc3018c5115321990ae4b7b3a4
nongospel_rewind@example.com	786e5d6a0a32f21649a53503d6a37515
overlayer_maty@example.com	786e5d6a0a32f21649a53503d6a37515
rinker_rosa@example.com	731156fb1e4b1f280fc0cc62648eed5b
procession@example.com	8603449df79aa00b83ef3d3a9c8fc3a0
parochine_plant_374@example.com	54e10d085925434a07d94eff62a98ed9
inferable@example.com	8246c7cc3018c5115321990ae4b7b3a4
brussels@example.com	786e5d6a0a32f21649a53503d6a37515
neurotically_sures_711@example.com	786e5d6a0a32f21649a53503d6a37515
brachypinacoidal@example.com	8246c7cc3018c5115321990ae4b7b3a4
hydrocharidaceae_arsis_721@example.com	8246c7cc3018c5115321990ae4b7b3a4
unoffendedly_haaf@example.com	8603449df79aa00b83ef3d3a9c8fc3a0
rivality@example.com	8246c7cc3018c5115321990ae4b7b3a4
periaortic@example.com	8246c7cc3018c5115321990ae4b7b3a4
roan_yean@example.com	9ef5af5f1ddff2e526ee321b0e3d2ca3
thickhead@example.com	9ef5af5f1ddff2e526ee321b0e3d2ca3
unarraignable@example.com	db84f1697c9979a605ca74cedba13bf5
reciprocatory@example.com	8603449df79aa00b83ef3d3a9c8fc3a0
uranographical_cherub@example.com	8603449df79aa00b83ef3d3a9c8fc3a0
sionite@example.com	8603449df79aa00b83ef3d3a9c8fc3a0
rattly_sooty@example.com	8603449df79aa00b83ef3d3a9c8fc3a0
hydropathy@example.com	8246c7cc3018c5115321990ae4b7b3a4
underofficial@example.com	786e5d6a0a32f21649a53503d6a37515
bespeed@example.com	786e5d6a0a32f21649a53503d6a37515
unusualness_leuk@example.com	731156fb1e4b1f280fc0cc62648eed5b
unsoundable@example.com	8603449df79aa00b83ef3d3a9c8fc3a0
ichthyodorulite_avera@example.com	db84f1697c9979a605ca74cedba13bf5
christocentric@example.com	54e10d085925434a07d94eff62a98ed9
xanthium@example.com	54e10d085925434a07d94eff62a98ed9
scyphistomae_epulo_020@example.com	786e5d6a0a32f21649a53503d6a37515
hydrogel@example.com	9ef5af5f1ddff2e526ee321b0e3d2ca3
finically@example.com	8246c7cc3018c5115321990ae4b7b3a4
befamine@example.com	731156fb1e4b1f280fc0cc62648eed5b
modiation_gummy_986@example.com	731156fb1e4b1f280fc0cc62648eed5b
meristogenous@example.com	54e10d085925434a07d94eff62a98ed9
predismissory_peat_497@example.com	8603449df79aa00b83ef3d3a9c8fc3a0
cytolytic@example.com	8246c7cc3018c5115321990ae4b7b3a4
cutification_dopper@example.com	8246c7cc3018c5115321990ae4b7b3a4
suprarationalism@example.com	8603449df79aa00b83ef3d3a9c8fc3a0
shadowbox@example.com	9ef5af5f1ddff2e526ee321b0e3d2ca3
sterilizer_bolti@example.com	8603449df79aa00b83ef3d3a9c8fc3a0
whute_spad_089@example.com	54e10d085925434a07d94eff62a98ed9
whirry_bahoo@example.com	731156fb1e4b1f280fc0cc62648eed5b
prudence_colk_928@example.com	786e5d6a0a32f21649a53503d6a37515
ticky@example.com	786e5d6a0a32f21649a53503d6a37515
haplostemonous@example.com	db84f1697c9979a605ca74cedba13bf5
blattiform@example.com	786e5d6a0a32f21649a53503d6a37515
marvin@example.com	8246c7cc3018c5115321990ae4b7b3a4
salicornia_blup@example.com	9ef5af5f1ddff2e526ee321b0e3d2ca3
feloness_veiny_383@example.com	8603449df79aa00b83ef3d3a9c8fc3a0
muridism@example.com	731156fb1e4b1f280fc0cc62648eed5b
anthranoyl_echea_806@example.com	8246c7cc3018c5115321990ae4b7b3a4
phreneticness@example.com	8246c7cc3018c5115321990ae4b7b3a4
hypometropia@example.com	db84f1697c9979a605ca74cedba13bf5
evening_paho_256@example.com	8603449df79aa00b83ef3d3a9c8fc3a0
retronasal@example.com	54e10d085925434a07d94eff62a98ed9
lactocele@example.com	8603449df79aa00b83ef3d3a9c8fc3a0
demotion@example.com	9ef5af5f1ddff2e526ee321b0e3d2ca3
synoeciously@example.com	9ef5af5f1ddff2e526ee321b0e3d2ca3
friendliness@example.com	786e5d6a0a32f21649a53503d6a37515
osteolytic_glenn_810@example.com	786e5d6a0a32f21649a53503d6a37515
quarriable_oreas@example.com	9ef5af5f1ddff2e526ee321b0e3d2ca3
phenene@example.com	54e10d085925434a07d94eff62a98ed9
outpipe_simia@example.com	731156fb1e4b1f280fc0cc62648eed5b
nocturnally@example.com	db84f1697c9979a605ca74cedba13bf5
synapterous_maux_868@example.com	8246c7cc3018c5115321990ae4b7b3a4
creedless_scote_395@example.com	731156fb1e4b1f280fc0cc62648eed5b
mandarinate@example.com	db84f1697c9979a605ca74cedba13bf5
subchela_holey_816@example.com	8246c7cc3018c5115321990ae4b7b3a4
reddish@example.com	db84f1697c9979a605ca74cedba13bf5
pipewood@example.com	8246c7cc3018c5115321990ae4b7b3a4
rumbustious_faba@example.com	731156fb1e4b1f280fc0cc62648eed5b
loutrophoros_grousy_840@example.com	9ef5af5f1ddff2e526ee321b0e3d2ca3
disentangle_addy@example.com	731156fb1e4b1f280fc0cc62648eed5b
cresotate@example.com	8603449df79aa00b83ef3d3a9c8fc3a0
melianthaceous@example.com	8246c7cc3018c5115321990ae4b7b3a4
arithmetician@example.com	786e5d6a0a32f21649a53503d6a37515
mosque@example.com	786e5d6a0a32f21649a53503d6a37515
caribi@example.com	731156fb1e4b1f280fc0cc62648eed5b
uncurbable_futwa@example.com	8603449df79aa00b83ef3d3a9c8fc3a0
stimulate_nabu@example.com	8246c7cc3018c5115321990ae4b7b3a4
myricales_suid_361@example.com	db84f1697c9979a605ca74cedba13bf5
unhealthful@example.com	786e5d6a0a32f21649a53503d6a37515
ultraenthusiastic@example.com	54e10d085925434a07d94eff62a98ed9
concretion@example.com	9ef5af5f1ddff2e526ee321b0e3d2ca3
translationally_simony_820@example.com	8603449df79aa00b83ef3d3a9c8fc3a0
vowless_phanar_735@example.com	54e10d085925434a07d94eff62a98ed9
tentaculitidae@example.com	8246c7cc3018c5115321990ae4b7b3a4
obcuneate@example.com	9ef5af5f1ddff2e526ee321b0e3d2ca3
intermediateness@example.com	786e5d6a0a32f21649a53503d6a37515
tropicalian@example.com	731156fb1e4b1f280fc0cc62648eed5b
sacramentarian_bodge_108@example.com	731156fb1e4b1f280fc0cc62648eed5b
emporium_stero_460@example.com	8246c7cc3018c5115321990ae4b7b3a4
somatotype_scary@example.com	786e5d6a0a32f21649a53503d6a37515
cryalgesia@example.com	db84f1697c9979a605ca74cedba13bf5
senega@example.com	8603449df79aa00b83ef3d3a9c8fc3a0
functionary@example.com	db84f1697c9979a605ca74cedba13bf5
laportea_gapo_895@example.com	8246c7cc3018c5115321990ae4b7b3a4
taxwax_lyre@example.com	8246c7cc3018c5115321990ae4b7b3a4
paramo_rayful_657@example.com	8246c7cc3018c5115321990ae4b7b3a4
ratskeller_schanz_099@example.com	8603449df79aa00b83ef3d3a9c8fc3a0
croupade_thanks_718@example.com	8603449df79aa00b83ef3d3a9c8fc3a0
lepra_janker_025@example.com	786e5d6a0a32f21649a53503d6a37515
puritanic_piro_148@example.com	786e5d6a0a32f21649a53503d6a37515
palaeobotanic_saddle_359@example.com	54e10d085925434a07d94eff62a98ed9
interseamed_tusk_748@example.com	db84f1697c9979a605ca74cedba13bf5
antal@example.com	54e10d085925434a07d94eff62a98ed9
spermatocele_malo_799@example.com	8603449df79aa00b83ef3d3a9c8fc3a0
backtender@example.com	db84f1697c9979a605ca74cedba13bf5
mammillar@example.com	8246c7cc3018c5115321990ae4b7b3a4
marceline@example.com	8246c7cc3018c5115321990ae4b7b3a4
prickant@example.com	9ef5af5f1ddff2e526ee321b0e3d2ca3
protargol@example.com	54e10d085925434a07d94eff62a98ed9
obturbinate@example.com	54e10d085925434a07d94eff62a98ed9
mutage@example.com	8246c7cc3018c5115321990ae4b7b3a4
jimjam_yaka_986@example.com	54e10d085925434a07d94eff62a98ed9
argonauta_rober_017@example.com	54e10d085925434a07d94eff62a98ed9
cinenchymatous@example.com	9ef5af5f1ddff2e526ee321b0e3d2ca3
monotomous@example.com	9ef5af5f1ddff2e526ee321b0e3d2ca3
evasiveness@example.com	54e10d085925434a07d94eff62a98ed9
tocherless_usings@example.com	8603449df79aa00b83ef3d3a9c8fc3a0
acetylfluoride@example.com	8246c7cc3018c5115321990ae4b7b3a4
ticktacktoe@example.com	786e5d6a0a32f21649a53503d6a37515
downbeard_shoal@example.com	8603449df79aa00b83ef3d3a9c8fc3a0
agentry@example.com	9ef5af5f1ddff2e526ee321b0e3d2ca3
tantalization@example.com	8603449df79aa00b83ef3d3a9c8fc3a0
oropharyngeal@example.com	db84f1697c9979a605ca74cedba13bf5
kowagmiut@example.com	731156fb1e4b1f280fc0cc62648eed5b
supererogantly_brace_373@example.com	9ef5af5f1ddff2e526ee321b0e3d2ca3
boundedness_dian@example.com	54e10d085925434a07d94eff62a98ed9
foldedly_amini@example.com	786e5d6a0a32f21649a53503d6a37515
saraband_ogle@example.com	9ef5af5f1ddff2e526ee321b0e3d2ca3
cuboctahedron_preact_991@example.com	8603449df79aa00b83ef3d3a9c8fc3a0
tautochronism_bosomy_019@example.com	786e5d6a0a32f21649a53503d6a37515
employable_noil_316@example.com	8246c7cc3018c5115321990ae4b7b3a4
preconcernment_sashay@example.com	8246c7cc3018c5115321990ae4b7b3a4
cyanuric_kuphar@example.com	54e10d085925434a07d94eff62a98ed9
bedticking_outbud@example.com	731156fb1e4b1f280fc0cc62648eed5b
unstilled@example.com	db84f1697c9979a605ca74cedba13bf5
octodon_braws@example.com	731156fb1e4b1f280fc0cc62648eed5b
mangona_quata_240@example.com	9ef5af5f1ddff2e526ee321b0e3d2ca3
splenoparectama@example.com	8246c7cc3018c5115321990ae4b7b3a4
theorymonger@example.com	9ef5af5f1ddff2e526ee321b0e3d2ca3
kinspeople@example.com	54e10d085925434a07d94eff62a98ed9
originalness@example.com	54e10d085925434a07d94eff62a98ed9
yuletide_jape_997@example.com	8603449df79aa00b83ef3d3a9c8fc3a0
chromatophilous@example.com	54e10d085925434a07d94eff62a98ed9
anonol_gilles@example.com	54e10d085925434a07d94eff62a98ed9
correctioner@example.com	786e5d6a0a32f21649a53503d6a37515
monoethanolamine@example.com	8603449df79aa00b83ef3d3a9c8fc3a0
artgum@example.com	8603449df79aa00b83ef3d3a9c8fc3a0
politicalize@example.com	54e10d085925434a07d94eff62a98ed9
stapes_scurf@example.com	731156fb1e4b1f280fc0cc62648eed5b
polybuttoned@example.com	54e10d085925434a07d94eff62a98ed9
eroded@example.com	54e10d085925434a07d94eff62a98ed9
trifling_hearth@example.com	54e10d085925434a07d94eff62a98ed9
grubber_sparm_725@example.com	54e10d085925434a07d94eff62a98ed9
myxospore@example.com	8246c7cc3018c5115321990ae4b7b3a4
magisterial@example.com	731156fb1e4b1f280fc0cc62648eed5b
correlational_coapt@example.com	8246c7cc3018c5115321990ae4b7b3a4
corrugate@example.com	731156fb1e4b1f280fc0cc62648eed5b
eschynite@example.com	786e5d6a0a32f21649a53503d6a37515
plancier_faker@example.com	786e5d6a0a32f21649a53503d6a37515
joining@example.com	8603449df79aa00b83ef3d3a9c8fc3a0
unphrasableness_joggly@example.com	54e10d085925434a07d94eff62a98ed9
webbed_unleaf_723@example.com	731156fb1e4b1f280fc0cc62648eed5b
ischiadic@example.com	731156fb1e4b1f280fc0cc62648eed5b
buck_darn@example.com	786e5d6a0a32f21649a53503d6a37515
carbanil_tawn@example.com	8246c7cc3018c5115321990ae4b7b3a4
proredemption_phonic@example.com	db84f1697c9979a605ca74cedba13bf5
serfage_knez@example.com	8603449df79aa00b83ef3d3a9c8fc3a0
frockmaker_mauri_467@example.com	9ef5af5f1ddff2e526ee321b0e3d2ca3
pseudoparalytic@example.com	8603449df79aa00b83ef3d3a9c8fc3a0
exanthem@example.com	8603449df79aa00b83ef3d3a9c8fc3a0
graminifolious_sink_384@example.com	786e5d6a0a32f21649a53503d6a37515
uncoach_unlaw@example.com	9ef5af5f1ddff2e526ee321b0e3d2ca3
phototherapeutics_ijore_200@example.com	8603449df79aa00b83ef3d3a9c8fc3a0
rubricist@example.com	731156fb1e4b1f280fc0cc62648eed5b
nilgai@example.com	786e5d6a0a32f21649a53503d6a37515
directional@example.com	8246c7cc3018c5115321990ae4b7b3a4
problematize@example.com	54e10d085925434a07d94eff62a98ed9
manifoldwise@example.com	9ef5af5f1ddff2e526ee321b0e3d2ca3
dehorner@example.com	9ef5af5f1ddff2e526ee321b0e3d2ca3
misotramontanism@example.com	54e10d085925434a07d94eff62a98ed9
assizes@example.com	db84f1697c9979a605ca74cedba13bf5
cerebriform@example.com	786e5d6a0a32f21649a53503d6a37515
ventralward_umbo_728@example.com	db84f1697c9979a605ca74cedba13bf5
emulsibility_warf_852@example.com	54e10d085925434a07d94eff62a98ed9
caddie@example.com	786e5d6a0a32f21649a53503d6a37515
krithia@example.com	731156fb1e4b1f280fc0cc62648eed5b
pagus_yaws@example.com	db84f1697c9979a605ca74cedba13bf5
tchetchentsish@example.com	731156fb1e4b1f280fc0cc62648eed5b
neophytish@example.com	db84f1697c9979a605ca74cedba13bf5
altheine@example.com	54e10d085925434a07d94eff62a98ed9
barocyclonometer@example.com	54e10d085925434a07d94eff62a98ed9
samel@example.com	db84f1697c9979a605ca74cedba13bf5
arrowed_lose@example.com	731156fb1e4b1f280fc0cc62648eed5b
melody_harv@example.com	8603449df79aa00b83ef3d3a9c8fc3a0
acetochloral@example.com	54e10d085925434a07d94eff62a98ed9
haricot@example.com	8603449df79aa00b83ef3d3a9c8fc3a0
epiphragm@example.com	9ef5af5f1ddff2e526ee321b0e3d2ca3
spheroidal@example.com	8603449df79aa00b83ef3d3a9c8fc3a0
impiety_tube@example.com	786e5d6a0a32f21649a53503d6a37515
mercedinus@example.com	8246c7cc3018c5115321990ae4b7b3a4
basil@example.com	8603449df79aa00b83ef3d3a9c8fc3a0
telluride_haine@example.com	9ef5af5f1ddff2e526ee321b0e3d2ca3
bathyorographical_gleam_811@example.com	db84f1697c9979a605ca74cedba13bf5
stool@example.com	8246c7cc3018c5115321990ae4b7b3a4
backhandedly_radium_051@example.com	8603449df79aa00b83ef3d3a9c8fc3a0
extrapolative_wivern_743@example.com	54e10d085925434a07d94eff62a98ed9
balladlike@example.com	8246c7cc3018c5115321990ae4b7b3a4
puppetlike@example.com	54e10d085925434a07d94eff62a98ed9
unstintedly_pung_004@example.com	9ef5af5f1ddff2e526ee321b0e3d2ca3
bronchi@example.com	8246c7cc3018c5115321990ae4b7b3a4
subwater_shucks_895@example.com	8246c7cc3018c5115321990ae4b7b3a4
sporophore@example.com	db84f1697c9979a605ca74cedba13bf5
admirator@example.com	786e5d6a0a32f21649a53503d6a37515
artinite@example.com	731156fb1e4b1f280fc0cc62648eed5b
upsighted@example.com	54e10d085925434a07d94eff62a98ed9
heartbreaker_burlap_430@example.com	db84f1697c9979a605ca74cedba13bf5
cryptocleidus@example.com	8603449df79aa00b83ef3d3a9c8fc3a0
brunonism@example.com	db84f1697c9979a605ca74cedba13bf5
fellifluous_sovran@example.com	9ef5af5f1ddff2e526ee321b0e3d2ca3
monograptus@example.com	731156fb1e4b1f280fc0cc62648eed5b
reinsurance_glusid_031@example.com	54e10d085925434a07d94eff62a98ed9
planipetalous@example.com	8603449df79aa00b83ef3d3a9c8fc3a0
mesites@example.com	9ef5af5f1ddff2e526ee321b0e3d2ca3
uncumbered_bill_672@example.com	8246c7cc3018c5115321990ae4b7b3a4
wheelman_creole@example.com	8246c7cc3018c5115321990ae4b7b3a4
coropo@example.com	9ef5af5f1ddff2e526ee321b0e3d2ca3
tabernariae_toxon_641@example.com	54e10d085925434a07d94eff62a98ed9
oppressionist_vegete_852@example.com	786e5d6a0a32f21649a53503d6a37515
marsupiata_wool@example.com	8246c7cc3018c5115321990ae4b7b3a4
savory_baylet@example.com	9ef5af5f1ddff2e526ee321b0e3d2ca3
sufficingness@example.com	8603449df79aa00b83ef3d3a9c8fc3a0
talemongering@example.com	8246c7cc3018c5115321990ae4b7b3a4
sprier_dodgy_315@example.com	54e10d085925434a07d94eff62a98ed9
tetraiodide_stain@example.com	54e10d085925434a07d94eff62a98ed9
purblind_conus_558@example.com	731156fb1e4b1f280fc0cc62648eed5b
bely_cajole@example.com	731156fb1e4b1f280fc0cc62648eed5b
bookways@example.com	731156fb1e4b1f280fc0cc62648eed5b
westwards_poil@example.com	db84f1697c9979a605ca74cedba13bf5
disburser_majoon@example.com	8603449df79aa00b83ef3d3a9c8fc3a0
jeering@example.com	731156fb1e4b1f280fc0cc62648eed5b
brighella@example.com	731156fb1e4b1f280fc0cc62648eed5b
cavalry_muang_022@example.com	9ef5af5f1ddff2e526ee321b0e3d2ca3
otalgy_waspy@example.com	54e10d085925434a07d94eff62a98ed9
superfeudation_kiel_954@example.com	8246c7cc3018c5115321990ae4b7b3a4
virulency@example.com	8603449df79aa00b83ef3d3a9c8fc3a0
furaciousness@example.com	54e10d085925434a07d94eff62a98ed9
laminitis@example.com	731156fb1e4b1f280fc0cc62648eed5b
nordicize@example.com	54e10d085925434a07d94eff62a98ed9
uppent_blizz@example.com	54e10d085925434a07d94eff62a98ed9
anker@example.com	8246c7cc3018c5115321990ae4b7b3a4
iodopsin_martyn_564@example.com	8246c7cc3018c5115321990ae4b7b3a4
palatopharyngeus_gorry_985@example.com	9ef5af5f1ddff2e526ee321b0e3d2ca3
exostema_wallow@example.com	786e5d6a0a32f21649a53503d6a37515
unsilvered@example.com	786e5d6a0a32f21649a53503d6a37515
toxicosis_fuff@example.com	8603449df79aa00b83ef3d3a9c8fc3a0
stypticity@example.com	731156fb1e4b1f280fc0cc62648eed5b
amuyong_eats_915@example.com	db84f1697c9979a605ca74cedba13bf5
atheling_poss_150@example.com	db84f1697c9979a605ca74cedba13bf5
dihedral@example.com	9ef5af5f1ddff2e526ee321b0e3d2ca3
subject@example.com	731156fb1e4b1f280fc0cc62648eed5b
pieridine_ulnad@example.com	9ef5af5f1ddff2e526ee321b0e3d2ca3
muscoidea@example.com	9ef5af5f1ddff2e526ee321b0e3d2ca3
cosmetiste@example.com	8246c7cc3018c5115321990ae4b7b3a4
didynamy_luce_531@example.com	731156fb1e4b1f280fc0cc62648eed5b
chirognomy@example.com	786e5d6a0a32f21649a53503d6a37515
gashes@example.com	731156fb1e4b1f280fc0cc62648eed5b
bridehead@example.com	db84f1697c9979a605ca74cedba13bf5
nadir@example.com	54e10d085925434a07d94eff62a98ed9
heightener@example.com	54e10d085925434a07d94eff62a98ed9
misbecoming_singh_523@example.com	54e10d085925434a07d94eff62a98ed9
actinophorous@example.com	8246c7cc3018c5115321990ae4b7b3a4
hydria_thymic@example.com	786e5d6a0a32f21649a53503d6a37515
wolfgang_myoid_207@example.com	786e5d6a0a32f21649a53503d6a37515
redespise_blore@example.com	731156fb1e4b1f280fc0cc62648eed5b
accomplice_cunye@example.com	db84f1697c9979a605ca74cedba13bf5
nightmary@example.com	8246c7cc3018c5115321990ae4b7b3a4
superbelief@example.com	9ef5af5f1ddff2e526ee321b0e3d2ca3
raintight_feud@example.com	9ef5af5f1ddff2e526ee321b0e3d2ca3
toeboard_exult_804@example.com	731156fb1e4b1f280fc0cc62648eed5b
undersaturation@example.com	54e10d085925434a07d94eff62a98ed9
staunchness@example.com	54e10d085925434a07d94eff62a98ed9
abstractness@example.com	db84f1697c9979a605ca74cedba13bf5
amblypodous@example.com	731156fb1e4b1f280fc0cc62648eed5b
terrage_talc_787@example.com	786e5d6a0a32f21649a53503d6a37515
heptarchy@example.com	9ef5af5f1ddff2e526ee321b0e3d2ca3
conventicular_urucu_589@example.com	731156fb1e4b1f280fc0cc62648eed5b
foreappointment@example.com	9ef5af5f1ddff2e526ee321b0e3d2ca3
econometrics@example.com	8603449df79aa00b83ef3d3a9c8fc3a0
isoasparagine_taraf_617@example.com	731156fb1e4b1f280fc0cc62648eed5b
areometer_ursuk_582@example.com	8603449df79aa00b83ef3d3a9c8fc3a0
demolitionist@example.com	731156fb1e4b1f280fc0cc62648eed5b
leatherjacket_rerail_844@example.com	9ef5af5f1ddff2e526ee321b0e3d2ca3
catarrhally@example.com	786e5d6a0a32f21649a53503d6a37515
vespid_ungod_102@example.com	786e5d6a0a32f21649a53503d6a37515
retrotracheal@example.com	8246c7cc3018c5115321990ae4b7b3a4
foreplan@example.com	db84f1697c9979a605ca74cedba13bf5
sterilizability@example.com	8246c7cc3018c5115321990ae4b7b3a4
ectental@example.com	8603449df79aa00b83ef3d3a9c8fc3a0
oughtness@example.com	731156fb1e4b1f280fc0cc62648eed5b
choes@example.com	731156fb1e4b1f280fc0cc62648eed5b
innovational_giro_793@example.com	8246c7cc3018c5115321990ae4b7b3a4
mythologize@example.com	9ef5af5f1ddff2e526ee321b0e3d2ca3
adenosarcoma_coryl_538@example.com	731156fb1e4b1f280fc0cc62648eed5b
telang_faky@example.com	db84f1697c9979a605ca74cedba13bf5
behenic_kath@example.com	54e10d085925434a07d94eff62a98ed9
opisthodomos@example.com	731156fb1e4b1f280fc0cc62648eed5b
bleaky_kinah_365@example.com	8603449df79aa00b83ef3d3a9c8fc3a0
codominant@example.com	731156fb1e4b1f280fc0cc62648eed5b
sensistic_naysay_997@example.com	9ef5af5f1ddff2e526ee321b0e3d2ca3
unsurvived_saura@example.com	731156fb1e4b1f280fc0cc62648eed5b
nonstylized_wand_125@example.com	8603449df79aa00b83ef3d3a9c8fc3a0
uncurl@example.com	8246c7cc3018c5115321990ae4b7b3a4
antisquatting_usee_461@example.com	db84f1697c9979a605ca74cedba13bf5
delichon_titi@example.com	8603449df79aa00b83ef3d3a9c8fc3a0
heteric@example.com	9ef5af5f1ddff2e526ee321b0e3d2ca3
typhoean@example.com	731156fb1e4b1f280fc0cc62648eed5b
minimifidian_feis@example.com	54e10d085925434a07d94eff62a98ed9
pubescent_pridy@example.com	8246c7cc3018c5115321990ae4b7b3a4
spleenful_kent_841@example.com	9ef5af5f1ddff2e526ee321b0e3d2ca3
worldmaker_dell_827@example.com	731156fb1e4b1f280fc0cc62648eed5b
metapterygial@example.com	8603449df79aa00b83ef3d3a9c8fc3a0
autoluminescence@example.com	54e10d085925434a07d94eff62a98ed9
isodomum@example.com	731156fb1e4b1f280fc0cc62648eed5b
unsing@example.com	54e10d085925434a07d94eff62a98ed9
internalization_irish_599@example.com	db84f1697c9979a605ca74cedba13bf5
alcotate_booker_352@example.com	8246c7cc3018c5115321990ae4b7b3a4
forewonted_falcer@example.com	731156fb1e4b1f280fc0cc62648eed5b
chilopodous_prate@example.com	731156fb1e4b1f280fc0cc62648eed5b
hypokinesis@example.com	731156fb1e4b1f280fc0cc62648eed5b
porraceous_gubbo@example.com	786e5d6a0a32f21649a53503d6a37515
plowable_vedda@example.com	731156fb1e4b1f280fc0cc62648eed5b
speakably_sacae@example.com	8603449df79aa00b83ef3d3a9c8fc3a0
strave@example.com	731156fb1e4b1f280fc0cc62648eed5b
acinetic@example.com	54e10d085925434a07d94eff62a98ed9
argentoproteinum_gelder@example.com	8246c7cc3018c5115321990ae4b7b3a4
prosifier@example.com	54e10d085925434a07d94eff62a98ed9
hemodynamics@example.com	731156fb1e4b1f280fc0cc62648eed5b
insipid@example.com	9ef5af5f1ddff2e526ee321b0e3d2ca3
epipactis_chaco_359@example.com	8603449df79aa00b83ef3d3a9c8fc3a0
patinize@example.com	db84f1697c9979a605ca74cedba13bf5
tenebrose_empusa@example.com	8603449df79aa00b83ef3d3a9c8fc3a0
unlade_vairy@example.com	786e5d6a0a32f21649a53503d6a37515
sharps@example.com	731156fb1e4b1f280fc0cc62648eed5b
nidulus_prim_324@example.com	8246c7cc3018c5115321990ae4b7b3a4
allantoidean_tables@example.com	8603449df79aa00b83ef3d3a9c8fc3a0
americanizer_jabot_511@example.com	db84f1697c9979a605ca74cedba13bf5
unimbittered@example.com	54e10d085925434a07d94eff62a98ed9
chalicotherium@example.com	54e10d085925434a07d94eff62a98ed9
aragonite@example.com	8603449df79aa00b83ef3d3a9c8fc3a0
predicate_reen@example.com	8603449df79aa00b83ef3d3a9c8fc3a0
splenectomy@example.com	54e10d085925434a07d94eff62a98ed9
uroxanate_arras@example.com	9ef5af5f1ddff2e526ee321b0e3d2ca3
intersterile_scyt@example.com	8246c7cc3018c5115321990ae4b7b3a4
uncombable@example.com	8603449df79aa00b83ef3d3a9c8fc3a0
perperfect_seres_216@example.com	786e5d6a0a32f21649a53503d6a37515
eccritic@example.com	786e5d6a0a32f21649a53503d6a37515
irisroot@example.com	8246c7cc3018c5115321990ae4b7b3a4
staphylinidae@example.com	54e10d085925434a07d94eff62a98ed9
saururan_always_041@example.com	8246c7cc3018c5115321990ae4b7b3a4
slumberproof_banal@example.com	db84f1697c9979a605ca74cedba13bf5
gonium_babbie_494@example.com	db84f1697c9979a605ca74cedba13bf5
